,1,2,3,4,5,6,clone,day,donutFrac,n,nNotDonut,replicate
66,0.32989690721649484,0.26804123711340205,0.23711340206185566,0.0979381443298969,0.05670103092783505,0.010309278350515464,UI,2d,0.004273504273504274,234,194,1
