,1,2,3,4,5,6,clone,day,donutFrac,n,nNotDonut,replicate
0,0.30054151624548736,0.322202166064982,0.2292418772563177,0.11462093862815885,0.02256317689530686,0.010830324909747292,B2,0d,0.002271006813020439,1321,1108,1
1,0.459375,0.275,0.14375,0.078125,0.034375,0.009375,B2,2d,0.008086253369272238,371,320,1
2,0.42708661417322835,0.2900787401574803,0.16850393700787403,0.08566929133858267,0.02015748031496063,0.008503937007874015,B2,4d,0.008481314603763583,3773,3175,1
3,0.4543493889288282,0.2135154565061107,0.1757728253055356,0.102803738317757,0.040258806613946804,0.013299784327821711,B2,6d,0.0288028802880288,3333,2782,1
4,0.21010425020048115,0.26623897353648757,0.22453889334402566,0.16599839615076184,0.08740978348035285,0.04570970328789094,B2,8d,0.033101045296167246,1722,1247,1
5,0.12694300518134716,0.22409326424870465,0.2823834196891192,0.19948186528497408,0.1094559585492228,0.05764248704663212,B2,10d,0.05641272902603665,2074,1544,1
6,0.0,0.0,0.0,0.0,0.0,0.0,B2,14d,0.0,0,0,1
7,0.0,0.0,0.0,0.0,0.0,0.0,B2,10d,0.0,0,0,2
8,0.0,0.0,0.0,0.0,0.0,0.0,B2,12d,0.0,0,0,2
