,1,2,3,4,5,6,clone,day,donutFrac,n,nNotDonut,replicate
9,0.42338709677419356,0.2620967741935484,0.18548387096774194,0.10080645161290322,0.020161290322580645,0.008064516129032258,B3,0d,0.012861736334405145,311,248,1
10,0.24397590361445784,0.34036144578313254,0.23644578313253012,0.1144578313253012,0.03463855421686747,0.030120481927710843,B3,2d,0.0065005417118093175,923,664,1
11,0.3062200956937799,0.278879015721121,0.20984278879015722,0.12576896787423103,0.04579630895420369,0.03349282296650718,B3,4d,0.027749747729566093,1982,1463,1
12,0.3360258481421648,0.2617124394184168,0.1987075928917609,0.11954765751211632,0.048465266558966075,0.035541195476575124,B3,6d,0.007905138339920948,759,619,1
13,0.20833333333333334,0.22756410256410256,0.24358974358974358,0.16666666666666666,0.10897435897435898,0.04487179487179487,B3,8d,0.03211009174311927,436,312,1
14,0.22330097087378642,0.25782092772384035,0.27939590075512405,0.15426105717367852,0.05717367853290183,0.028047464940668825,B3,10d,0.07008964955175224,1227,927,1
15,0.3728813559322034,0.1864406779661017,0.2033898305084746,0.1694915254237288,0.06779661016949153,0.0,B3,12d,0.05714285714285714,70,59,2
