,1,2,3,4,5,6,clone,day,donutFrac,n,nNotDonut,replicate
16,0.45692883895131087,0.31835205992509363,0.14232209737827714,0.06367041198501873,0.011235955056179775,0.00749063670411985,L2.5,0d,0.0030864197530864196,324,267,1
17,0.48343245539507224,0.318606627017842,0.13169073916737467,0.0475785896346644,0.011045029736618521,0.0076465590484282074,L2.5,2d,0.005578800557880056,1434,1177,1
18,0.5943852855759922,0.2570183930300097,0.11132623426911907,0.028557599225556632,0.006776379477250726,0.001936108422071636,L2.5,4d,0.0017064846416382253,2344,2066,1
19,0.5523446019629226,0.2410032715376227,0.13249727371864775,0.05070883315158124,0.014176663031624863,0.009269356597600873,L2.5,6d,0.001413094677343382,2123,1834,1
20,0.44536141149686964,0.3130335799658509,0.15338645418326693,0.06061468412066021,0.018497438816163916,0.00910643141718839,L2.5,8d,0.004270462633451958,4215,3514,1
21,0.3680306905370844,0.3309462915601023,0.1956521739130435,0.070076726342711,0.024808184143222507,0.010485933503836318,L2.5,10d,0.003586497890295359,4740,3910,1
22,0.42616033755274263,0.2721518987341772,0.15822784810126583,0.0949367088607595,0.027426160337552744,0.02109704641350211,L2.5,12d,0.0035335689045936395,566,474,1
23,0.5102173207914369,0.28413882581900746,0.13331170937398637,0.05708725267596497,0.010379500486539085,0.004865390853065196,L2.5,10d,0.0028296547821165816,3534,3083,2
24,0.3650990099009901,0.34467821782178215,0.18564356435643564,0.07054455445544554,0.027227722772277228,0.006806930693069307,L2.5,12d,0.0055583628094997475,1979,1616,2
