,1,2,3,4,5,6,clone,day,donutFrac,n,nNotDonut,replicate
31,0.30357142857142855,0.29464285714285715,0.16964285714285715,0.16071428571428573,0.03571428571428571,0.03571428571428571,P2.3,0d,0.029197080291970802,137,112,1
32,0.27473148671565856,0.2645562464669305,0.24420576596947427,0.143583945732052,0.046919163369135104,0.026003391746749576,P2.3,2d,0.012998655311519497,2231,1769,1
33,0.37438423645320196,0.2955665024630542,0.21182266009852216,0.08177339901477833,0.027586206896551724,0.008866995073891626,P2.3,4d,0.0024489795918367346,1225,1015,1
34,0.33408071748878926,0.242152466367713,0.23094170403587444,0.12331838565022421,0.04708520179372197,0.02242152466367713,P2.3,6d,0.017657992565055763,1076,892,1
35,0.20670391061452514,0.2441340782122905,0.22737430167597766,0.17988826815642459,0.09608938547486033,0.04581005586592179,P2.3,8d,0.030716723549488054,2344,1790,1
36,0.0,0.0,0.0,0.0,0.0,0.0,P2.3,10d,0.0,0,0,1
37,0.11254137550570062,0.219933799190879,0.25891872011769035,0.22434718646561236,0.10959911732254506,0.07465980139757264,P2.3,10d,0.08520408163265306,3920,2719,2
38,0.06840390879478828,0.1465798045602606,0.19218241042345277,0.2258414766558089,0.18892508143322476,0.1780673181324647,P2.3,12d,0.10740992522093813,1471,921,2
39,0.07905460472697637,0.19396903015484923,0.2705786471067645,0.24123879380603097,0.12876935615321924,0.08638956805215973,P2.3,14d,0.14256825075834176,1978,1227,2
