,1,2,3,4,5,6,clone,day,donutFrac,n,nNotDonut,replicate
57,0.3263707571801567,0.34986945169712796,0.18276762402088773,0.0835509138381201,0.04699738903394256,0.010443864229765013,S3,0d,0.011210762331838564,446,383,1
58,0.21292775665399238,0.2965779467680608,0.22053231939163498,0.14068441064638784,0.07224334600760456,0.057034220532319393,S3,2d,0.005208333333333333,384,263,1
59,0.2985468956406869,0.261558784676354,0.20871862615587847,0.13870541611624834,0.059445178335535004,0.03302509907529723,S3,4d,0.01142263759086189,963,757,1
60,0.373125374925015,0.28374325134973005,0.1913617276544691,0.10017996400719856,0.03839232153569286,0.013197360527894421,S3,6d,0.013691683569979716,1972,1667,1
61,0.2913165266106443,0.2184873949579832,0.21568627450980393,0.1876750700280112,0.05042016806722689,0.036414565826330535,S3,8d,0.03404255319148936,470,357,1
62,0.19784656796769853,0.2611036339165545,0.2503364737550471,0.16285329744279947,0.08748317631224764,0.040376850605652756,S3,10d,0.050156739811912224,957,743,1
63,0.26405867970660146,0.26894865525672373,0.2200488997555012,0.15403422982885084,0.06601466992665037,0.02689486552567237,S3,10d,0.03725490196078431,510,409,2
64,0.15034965034965034,0.26223776223776224,0.22727272727272727,0.14685314685314685,0.1048951048951049,0.10839160839160839,S3,12d,0.06053268765133172,413,286,2
