,1,2,3,4,5,6,clone,day,donutFrac,n,nNotDonut,replicate
65,0.5,0.25,0.25,0.0,0.0,0.0,UI,0d,0.0,9,8,1
66,0.32989690721649484,0.26804123711340205,0.23711340206185566,0.0979381443298969,0.05670103092783505,0.010309278350515464,UI,2d,0.004273504273504274,234,194,1
67,0.5442708333333334,0.20833333333333334,0.13802083333333334,0.08072916666666667,0.015625,0.013020833333333334,UI,4d,0.006993006993006993,429,384,1
68,0.262992125984252,0.2866141732283465,0.23622047244094488,0.14330708661417324,0.04094488188976378,0.029921259842519685,UI,6d,0.0036101083032490976,831,635,1
69,0.31079717457114026,0.2522704339051463,0.19071644803229063,0.1442986881937437,0.060544904137235116,0.04137235116044399,UI,8d,0.045746388443017656,1246,991,1
70,0.1686541737649063,0.22941510505394663,0.24304372515616127,0.1896649630891539,0.09369676320272573,0.07552526973310619,UI,10d,0.03547297297297297,2368,1761,1
71,0.2111650485436893,0.24514563106796117,0.25970873786407767,0.18446601941747573,0.06553398058252427,0.03398058252427184,UI,14d,0.045714285714285714,525,412,1
