,1,2,3,4,5,6,clone,day,donutFrac,n,nNotDonut,replicate
79,0.5913978494623656,0.1881720430107527,0.15591397849462366,0.03763440860215054,0.016129032258064516,0.010752688172043012,W1.4,0d,0.004830917874396135,207,186,1
80,0.2545871559633027,0.2775229357798165,0.24770642201834864,0.10091743119266056,0.06422018348623854,0.05504587155963303,W1.4,2d,0.020186335403726708,644,436,1
81,0.46206896551724136,0.21149425287356322,0.19080459770114944,0.06896551724137931,0.04597701149425287,0.020689655172413793,W1.4,4d,0.011516314779270634,521,435,1
82,0.3075550267697799,0.2724568709101725,0.22367638310529447,0.12671029149315882,0.04759071980963712,0.022010707911957167,W1.4,6d,0.029261495587552252,2153,1681,1
83,0.12129032258064516,0.20903225806451614,0.3006451612903226,0.19870967741935483,0.13032258064516128,0.04,W1.4,10d,0.13089005235602094,1146,775,1
84,0.23227752639517346,0.1779788838612368,0.23378582202111614,0.2096530920060332,0.10708898944193061,0.0392156862745098,W1.4,10d,0.10961968680089486,894,663,2
85,0.0,0.0,0.0,0.0,0.0,0.0,W1.4,12d,0.0,0,0,2
